{"stats":{"minecraft:dropped":{"minecraft:firework_rocket":1},"minecraft:used":{"minecraft:light_blue_wool":6,"minecraft:repeater":5,"minecraft:firework_rocket":43,"minecraft:redstone":1},"minecraft:custom":{"minecraft:jump":1134,"minecraft:time_since_rest":2086479,"minecraft:crouch_one_cm":971,"minecraft:leave_game":8,"minecraft:sprint_one_cm":60532,"minecraft:play_time":2086479,"minecraft:time_since_death":2086479,"minecraft:walk_one_cm":36629,"minecraft:sneak_time":55530,"minecraft:total_world_time":2094005,"minecraft:drop":1,"minecraft:fly_one_cm":3815746,"minecraft:aviate_one_cm":3611283}},"DataVersion":3700}