{"stats":{"minecraft:dropped":{"minecraft:spruce_trapdoor":2},"minecraft:used":{"minecraft:redstone":1},"minecraft:custom":{"minecraft:jump":41,"minecraft:time_since_rest":3178762,"minecraft:crouch_one_cm":1303,"minecraft:leave_game":8,"minecraft:sprint_one_cm":1326,"minecraft:play_time":3178762,"minecraft:damage_taken":20,"minecraft:time_since_death":3178762,"minecraft:walk_one_cm":21093,"minecraft:sneak_time":125803,"minecraft:total_world_time":3178762,"minecraft:drop":2,"minecraft:fall_one_cm":406,"minecraft:fly_one_cm":2243157}},"DataVersion":3700}