{"stats":{"minecraft:dropped":{"minecraft:diamond_sword":1},"minecraft:used":{"minecraft:firework_rocket":74,"minecraft:potion":22},"minecraft:custom":{"minecraft:jump":25,"minecraft:time_since_rest":5279229,"minecraft:crouch_one_cm":57,"minecraft:leave_game":7,"minecraft:sprint_one_cm":3540,"minecraft:play_time":5279229,"minecraft:time_since_death":5279229,"minecraft:walk_one_cm":2964,"minecraft:sneak_time":161313,"minecraft:total_world_time":5279229,"minecraft:drop":1,"minecraft:fly_one_cm":1889607,"minecraft:aviate_one_cm":1128389},"minecraft:picked_up":{"minecraft:diamond_sword":1}},"DataVersion":3700}