{"stats":{"minecraft:used":{"minecraft:stone_button":1,"minecraft:firework_rocket":657,"minecraft:red_wool":25},"minecraft:custom":{"minecraft:jump":170,"minecraft:time_since_rest":6397274,"minecraft:crouch_one_cm":281,"minecraft:leave_game":4,"minecraft:sprint_one_cm":11348,"minecraft:play_time":6397274,"minecraft:time_since_death":6397274,"minecraft:walk_one_cm":32192,"minecraft:sneak_time":871,"minecraft:total_world_time":6397274,"minecraft:fly_one_cm":1682300,"minecraft:aviate_one_cm":17419457}},"DataVersion":3700}