{"stats":{"minecraft:dropped":{"minecraft:firework_rocket":1},"minecraft:used":{"minecraft:light_blue_wool":6,"minecraft:repeater":5,"minecraft:firework_rocket":205,"minecraft:redstone":1},"minecraft:custom":{"minecraft:jump":1407,"minecraft:time_since_rest":9873075,"minecraft:crouch_one_cm":971,"minecraft:leave_game":15,"minecraft:sprint_one_cm":78016,"minecraft:play_time":9873075,"minecraft:time_since_death":9873075,"minecraft:walk_one_cm":50111,"minecraft:sneak_time":371459,"minecraft:total_world_time":9881880,"minecraft:drop":1,"minecraft:fly_one_cm":6752390,"minecraft:aviate_one_cm":9522061}},"DataVersion":3700}