{"stats":{"minecraft:custom":{"minecraft:jump":1252,"minecraft:time_since_rest":3423444,"minecraft:crouch_one_cm":971,"minecraft:leave_game":11,"minecraft:sprint_one_cm":69196,"minecraft:play_time":3423444,"minecraft:time_since_death":3423444,"minecraft:walk_one_cm":43583,"minecraft:sneak_time":130688,"minecraft:total_world_time":3431191,"minecraft:drop":1,"minecraft:fly_one_cm":4990875,"minecraft:aviate_one_cm":5184196},"minecraft:dropped":{"minecraft:firework_rocket":1},"minecraft:used":{"minecraft:light_blue_wool":6,"minecraft:repeater":5,"minecraft:firework_rocket":101,"minecraft:redstone":1}},"DataVersion":3700}