{"stats":{"minecraft:used":{"minecraft:light_blue_wool":6,"minecraft:repeater":5,"minecraft:firework_rocket":162,"minecraft:redstone":1},"minecraft:dropped":{"minecraft:firework_rocket":1},"minecraft:custom":{"minecraft:jump":1292,"minecraft:time_since_rest":6184806,"minecraft:crouch_one_cm":971,"minecraft:leave_game":12,"minecraft:sprint_one_cm":72269,"minecraft:play_time":6184806,"minecraft:time_since_death":6184806,"minecraft:walk_one_cm":44730,"minecraft:sneak_time":170526,"minecraft:total_world_time":6192605,"minecraft:drop":1,"minecraft:fly_one_cm":5405036,"minecraft:aviate_one_cm":6414670}},"DataVersion":3700}