{"stats":{"minecraft:used":{"minecraft:light_blue_wool":6,"minecraft:repeater":5,"minecraft:firework_rocket":98,"minecraft:redstone":1},"minecraft:custom":{"minecraft:jump":1235,"minecraft:time_since_rest":2360170,"minecraft:crouch_one_cm":971,"minecraft:leave_game":10,"minecraft:sprint_one_cm":68160,"minecraft:play_time":2360170,"minecraft:time_since_death":2360170,"minecraft:walk_one_cm":42865,"minecraft:sneak_time":69453,"minecraft:total_world_time":2367843,"minecraft:drop":1,"minecraft:fly_one_cm":4403347,"minecraft:aviate_one_cm":4934275},"minecraft:dropped":{"minecraft:firework_rocket":1}},"DataVersion":3700}