{"stats":{"minecraft:dropped":{"minecraft:firework_rocket":1},"minecraft:used":{"minecraft:light_blue_wool":6,"minecraft:repeater":5,"minecraft:firework_rocket":50,"minecraft:redstone":1},"minecraft:custom":{"minecraft:jump":1156,"minecraft:time_since_rest":2341034,"minecraft:crouch_one_cm":971,"minecraft:leave_game":9,"minecraft:sprint_one_cm":61394,"minecraft:play_time":2341034,"minecraft:time_since_death":2341034,"minecraft:walk_one_cm":37754,"minecraft:sneak_time":68937,"minecraft:total_world_time":2348638,"minecraft:drop":1,"minecraft:fly_one_cm":4100008,"minecraft:aviate_one_cm":3827441}},"DataVersion":3700}